{"loss": 2.203965425491333, "bias1": 0.5284619331359863, "bias2": 0.07427815347909927, "best_loss": 1.8566545031744364, "_timestamp": 1709123164.41417, "_runtime": 329.271222114563, "_step": 14, "_wandb": {"runtime": 343}}