{"loss": 6.7185587882995605, "bias1": 0.3255862593650818, "bias2": 0.08722785860300064, "best_loss": 1.8566545031744364, "_timestamp": 1710969133.3558302, "_runtime": 5280.0034992694855, "_step": 140}