{"loss": 0.0332876555621624, "bias1": -0.016107812523841858, "bias2": -0.00323563814163208, "best_loss": 0.022359586366449836, "_timestamp": 1708386542.1088789, "_runtime": 610.4253997802734, "_step": 499, "_wandb": {"runtime": 611}}