{"loss": NaN, "bias1": null, "bias2": null, "best_loss": 1.8566545031744364, "entropy": NaN, "_timestamp": 1710241781.4399056, "_runtime": 734.2093596458435, "_step": 73, "_wandb": {"runtime": 735}}