{"loss": 2.1143085956573486, "bias1": 0.6696869134902954, "bias2": 0.09757376462221146, "best_loss": 1.8566545031744364, "_timestamp": 1708457295.5570138, "_runtime": 2428.673816680908, "_step": 231}