{"loss": -0.9687770009040833, "bias1": -0.34708186984062195, "bias2": -0.00041375294676981866, "best_loss": 1.8566545031744364, "_timestamp": 1709143206.732994, "_runtime": 65.43972396850586, "_step": 3, "_wandb": {"runtime": 79}}