{"loss": NaN, "bias1": null, "bias2": null, "best_loss": 1.8566545031744364, "_timestamp": 1709143370.1772892, "_runtime": 133.12344813346863, "_step": 8, "_wandb": {"runtime": 137}}