{"loss": 6.726136207580566, "bias1": 0.5040262937545776, "bias2": 0.09816018491983414, "best_loss": 1.8566545031744364, "_timestamp": 1710969132.9065893, "_runtime": 5866.352785348892, "_step": 318}