{"loss": NaN, "bias1": null, "bias2": null, "best_loss": 1.8566545031744364, "_timestamp": 1709142997.6089141, "_runtime": 201.06087708473206, "_step": 12, "_wandb": {"runtime": 203}}