{"loss": 6.722879886627197, "bias1": 0.6392262578010559, "bias2": 0.11500955373048782, "best_loss": 1.8566545031744364, "_timestamp": 1710969140.1517622, "_runtime": 6116.091370344162, "_step": 479}