{"loss": 0.040490176528692245, "bias1": 0.08121253550052643, "bias2": 0.023604167625308037, "best_loss": 0.022359586366449836, "_timestamp": 1708385811.1452165, "_runtime": 69.06071138381958, "_step": 49, "_wandb": {"runtime": 69}}