{"loss": 2.156625509262085, "bias1": 0.6440135836601257, "bias2": 0.09453990310430527, "best_loss": 1.8566545031744364, "_timestamp": 1708451477.9216504, "_runtime": 1229.5416104793549, "_step": 101, "_wandb": {"runtime": 1236}}