{"loss": NaN, "bias1": null, "bias2": null, "best_loss": 1.8566545031744364, "entropy": NaN, "_timestamp": 1710258084.169916, "_runtime": 16128.681315898895, "_step": 1664}